City_ID,City,Lat,Lng,Max_Temp,Humidity,Cloudiness,Wind_Speed,Country,Date
0,bethel,41.3712,-73.414,3.2,85,100,0.0,US,1675826537
1,rikitea,-23.1203,-134.9692,26.58,69,37,4.04,PF,1675826711
2,esperance,-33.8667,121.9,22.01,64,78,5.21,AU,1675826711
3,taurianova,38.3563,16.0109,5.77,71,32,1.65,IT,1675826712
4,port macquarie,-31.4333,152.9167,25.08,59,73,3.52,AU,1675826712
5,saskylakh,71.9167,114.0833,-34.18,100,100,0.05,RU,1675826713
6,padang,-0.9492,100.3543,28.03,56,86,1.13,ID,1675826713
7,ushuaia,-54.8,-68.3,9.81,76,20,5.14,AR,1675826714
8,daru,-9.0763,143.2092,29.58,70,99,4.65,PG,1675826715
9,palm city,27.1678,-80.2662,22.25,67,40,5.14,US,1675826418
10,avera,33.194,-82.5271,9.1,59,66,1.81,US,1675826715
11,hermanus,-34.4187,19.2345,18.78,83,0,5.33,ZA,1675826433
12,busselton,-33.65,115.3333,26.1,44,0,0.72,AU,1675826451
13,san rafael,-34.6177,-68.3301,22.32,54,25,7.4,AR,1675826716
14,suntar,62.1444,117.6319,-30.37,95,100,1.05,RU,1675826717
15,ugoofaaru,5.6667,73.0,26.97,67,15,2.8,MV,1675826717
16,redmond,47.674,-122.1215,8.21,82,31,1.34,US,1675826702
17,katsuura,35.1333,140.3,10.1,69,99,8.33,JP,1675826718
18,salalah,17.0151,54.0924,20.05,56,0,2.06,OM,1675826719
19,punta arenas,-53.15,-70.9167,12.06,76,0,1.54,CL,1675826564
20,inuvik,68.3499,-133.7218,-29.52,69,100,1.54,CA,1675826720
21,chokurdakh,70.6333,147.9167,-37.68,99,100,1.54,RU,1675826720
22,vaini,-21.2,-175.2,29.09,79,40,2.57,TO,1675826721
23,port alfred,-33.5906,26.891,20.1,92,100,1.34,ZA,1675826721
24,bluff,-46.6,168.3333,11.56,64,49,12.07,NZ,1675826433
25,east london,-33.0153,27.9116,21.48,83,100,4.59,ZA,1675826301
26,boguchany,58.3814,97.4531,-10.47,95,100,1.4,RU,1675826722
27,safford,32.834,-109.7076,10.62,44,0,5.14,US,1675826723
28,gat,31.61,34.7642,10.05,100,46,7.77,IL,1675826723
29,saint-pierre,-21.3393,55.4781,26.82,74,0,5.14,RE,1675826724
30,leiva,1.9339,-77.3025,17.15,96,80,1.08,CO,1675826724
31,yellowknife,62.456,-114.3525,-19.69,84,100,3.09,CA,1675826725
32,new norfolk,-42.7826,147.0587,16.07,32,5,2.03,AU,1675826726
33,hobart,-42.8794,147.3294,16.26,68,75,6.17,AU,1675826726
34,shache,38.4167,77.2406,-1.43,62,0,1.86,CN,1675826727
35,nikolskoye,59.7035,30.7861,-2.06,86,100,4.49,RU,1675826727
36,balabac,7.9868,117.0645,27.37,75,100,6.02,PH,1675826648
37,cabo san lucas,22.8909,-109.9124,20.84,59,75,0.0,MX,1675826728
38,mirnyy,62.5353,113.9611,-29.14,95,100,1.03,RU,1675826728
39,hobyo,5.3505,48.5268,25.08,68,97,6.52,SO,1675826429
40,mataura,-46.1927,168.8643,11.38,51,64,5.22,NZ,1675826729
41,port hedland,-20.3167,118.5667,35.03,49,14,5.14,AU,1675826729
42,saldanha,-33.0117,17.9442,18.03,89,0,5.27,ZA,1675826730
43,svay rieng,11.0879,105.7993,28.75,59,46,2.02,KH,1675826730
44,kapaa,22.0752,-159.319,25.99,85,75,7.2,US,1675826731
45,sao jose da coroa grande,-8.8978,-35.1478,24.75,73,100,2.41,BR,1675826731
46,vung tau,10.346,107.0843,27.33,72,19,5.77,VN,1675826732
47,sungurlu,40.1675,34.3739,-10.91,84,42,0.4,TR,1675826732
48,venezuela,8.0,-66.0,26.85,61,79,7.03,VE,1675826733
49,nanakuli,21.3906,-158.1547,26.97,58,75,5.66,US,1675826733
50,boa vista,2.8197,-60.6733,26.99,69,40,5.66,BR,1675826734
51,kimbe,-5.5502,150.1429,25.65,94,100,2.28,PG,1675826734
52,pangnirtung,66.1451,-65.7125,-33.99,84,5,2.34,CA,1675826734
53,coihaique,-45.5752,-72.0662,16.34,72,75,1.54,CL,1675826735
54,albany,42.6001,-73.9662,2.35,77,97,0.89,US,1675826721
55,faanui,-16.4833,-151.75,27.26,72,24,5.47,PF,1675826736
56,del rio,29.3627,-100.8968,14.06,66,100,9.26,US,1675826736
57,castro,-24.7911,-50.0119,16.39,95,71,2.35,BR,1675826736
58,hasaki,35.7333,140.8333,11.22,67,100,9.22,JP,1675826737
59,thompson,55.7435,-97.8558,-15.91,85,100,1.54,CA,1675826592
60,tome,-36.6167,-72.95,16.34,71,0,1.6,CL,1675826737
61,bogorodskoye,56.55,37.8833,-11.96,94,86,3.62,RU,1675826738
62,vao,-22.6667,167.4833,26.82,70,34,6.09,NC,1675826738
63,ciumeghiu,46.7333,21.5833,-2.71,90,93,2.52,RO,1675826739
64,svobodnyy,51.4,128.1333,-22.06,83,23,1.3,RU,1675826740
65,eureka,40.8021,-124.1637,10.93,86,99,0.45,US,1675826740
66,kyzyl-suu,42.3414,78.0056,-5.53,53,25,4.54,KG,1675826741
67,smithers,54.7804,-127.1743,-2.82,93,75,3.09,CA,1675826742
68,matagami,49.7502,-77.6328,-9.94,79,100,11.32,CA,1675826742
69,faya,18.3851,42.4509,9.06,57,3,1.33,SA,1675826743
70,atuona,-9.8,-139.0333,26.2,75,24,7.46,PF,1675826743
71,rawson,-43.3002,-65.1023,18.45,60,2,2.14,AR,1675826470
72,shimoda,34.6667,138.95,11.2,76,60,3.62,JP,1675826744
73,tuktoyaktuk,69.4541,-133.0374,-31.0,76,100,1.54,CA,1675826744
74,flinders,-34.5833,150.8552,21.77,90,100,0.89,AU,1675826744
75,asekeyevo,53.5742,52.7972,-24.66,100,67,1.47,RU,1675826745
76,millinocket,45.6573,-68.7098,-3.94,80,100,2.06,US,1675826745
77,khatanga,71.9667,102.5,-44.17,100,63,1.31,RU,1675826746
78,avarua,-21.2078,-159.775,29.03,74,34,4.63,CK,1675826746
79,kavieng,-2.5744,150.7967,27.77,77,100,3.94,PG,1675826447
80,trat,12.5,102.5,30.11,69,96,0.24,TH,1675826747
81,tigre,-34.426,-58.5796,27.92,65,0,0.89,AR,1675826119
82,port elizabeth,-33.918,25.5701,19.62,90,0,3.6,ZA,1675826748
83,kindu,-2.95,25.95,21.05,95,95,1.14,CD,1675826748
84,husavik,66.0449,-17.3389,-4.81,72,91,6.6,IS,1675826749
85,ilulissat,69.2167,-51.1,-26.99,76,40,3.09,GL,1675826749
86,mogadishu,2.0371,45.3438,24.33,85,14,6.8,SO,1675826750
87,saint-francois,46.4154,3.9054,-6.31,93,1,1.54,FR,1675826750
88,hambantota,6.1241,81.1185,28.19,83,20,5.66,LK,1675826751
89,upernavik,72.7868,-56.1549,-30.39,95,47,1.81,GL,1675826636
90,hereford,52.0568,-2.7148,2.57,92,0,0.45,GB,1675826538
91,manzil salim,35.8567,8.4765,4.26,91,44,1.75,TN,1675826752
92,ponta do sol,32.6667,-17.1,15.35,62,37,3.72,PT,1675826752
93,vila velha,-20.3297,-40.2925,24.97,90,40,1.03,BR,1675826753
94,novo aripuana,-5.1206,-60.3797,22.83,98,100,0.73,BR,1675826753
95,tiksi,71.6872,128.8694,-36.76,99,99,2.68,RU,1675826754
96,saint-georges,12.0564,-61.7485,24.82,83,75,4.63,GD,1675826755
97,conselheiro lafaiete,-20.6603,-43.7861,17.87,94,100,0.36,BR,1675826755
98,barcelos,41.5388,-8.6151,10.08,68,92,5.78,PT,1675826756
99,westport,41.1415,-73.3579,5.31,86,100,1.54,US,1675826732
100,dikson,73.5069,80.5464,-21.26,91,100,10.16,RU,1675826756
101,baghdad,33.3406,44.4009,7.95,66,0,3.09,IQ,1675826325
102,kahului,20.8947,-156.47,25.01,77,40,9.77,US,1675826757
103,jamestown,42.097,-79.2353,3.34,95,100,6.17,US,1675826757
104,qaanaaq,77.484,-69.3632,-31.9,67,6,2.74,GL,1675826758
105,southern pines,35.174,-79.3923,10.74,73,0,2.57,US,1675826758
106,torbay,47.6666,-52.7314,-3.12,87,75,10.8,CA,1675826759
107,pasighat,28.0667,95.3333,18.47,60,100,0.45,IN,1675826760
108,barrow,71.2906,-156.7887,-18.99,78,100,3.09,US,1675826760
109,chastyye,57.2888,54.9728,-21.86,100,100,1.98,RU,1675826761
110,bredasdorp,-34.5322,20.0403,18.25,81,7,2.93,ZA,1675826761
111,yar-sale,66.8333,70.8333,-14.27,83,100,9.74,RU,1675826762
112,quatre cocos,-20.2078,57.7625,26.06,80,38,6.88,MU,1675826762
113,tanete,-3.9443,119.7848,31.1,57,96,3.79,ID,1675826763
114,nara,34.6851,135.8049,11.62,54,43,4.4,JP,1675826764
115,mexico,15.0646,120.7198,31.84,52,99,6.03,PH,1675826764
116,goba,7.0167,39.9833,7.85,43,5,1.63,ET,1675826765
117,nelson bay,-32.7167,152.15,29.03,69,49,7.6,AU,1675826766
118,mango,27.9797,-82.3065,21.68,71,0,2.24,US,1675826766
119,san carlos de bariloche,-41.1456,-71.3082,16.86,59,0,3.09,AR,1675826499
120,bathurst,-33.4166,149.5806,28.24,46,83,2.68,AU,1675826767
121,butaritari,3.0707,172.7902,27.25,81,100,9.66,KI,1675826768
122,mugumu,-1.85,34.7,15.0,92,97,1.54,TZ,1675826768
123,dingle,10.9995,122.6711,27.57,72,100,7.31,PH,1675826559
124,saint george,37.1041,-113.5841,8.33,47,0,0.45,US,1675826521
125,isangel,-19.55,169.2667,27.6,77,93,1.47,VU,1675826770
126,el cope,8.6167,-80.6,19.45,92,81,4.22,PA,1675826771
127,bambous virieux,-20.3428,57.7575,26.14,83,40,5.14,MU,1675826492
128,verkhnyaya inta,65.9811,60.3094,-9.71,92,100,11.9,RU,1675826772
129,cape town,-33.9258,18.4232,21.06,75,20,5.81,ZA,1675826348
130,lata,40.1629,-8.3327,8.37,82,31,2.44,PT,1675826772
131,vangaindrano,-23.35,47.6,22.39,90,100,0.84,MG,1675826773
132,la tuque,47.4334,-72.7824,-3.86,86,100,2.06,CA,1675826774
133,inta,66.0317,60.1659,-10.06,93,100,12.58,RU,1675826774
134,tuatapere,-46.1333,167.6833,13.78,56,58,7.24,NZ,1675826617
135,bonavista,48.6499,-53.1147,-3.84,69,92,9.85,CA,1675826775
136,narsaq,60.9167,-46.05,-24.88,65,3,3.94,GL,1675826776
137,nagapattinam,10.7667,79.8333,25.23,74,93,3.42,IN,1675826777
138,cidreira,-30.1811,-50.2056,24.09,81,10,6.41,BR,1675826499
139,regente feijo,-22.2214,-51.3028,22.6,88,0,1.54,BR,1675826778
140,ribeira grande,38.5167,-28.7,13.21,66,27,2.68,PT,1675826778
141,kavaratti,10.5669,72.642,26.6,71,93,5.48,IN,1675826507
142,dubbo,-32.25,148.6167,33.07,35,40,4.12,AU,1675826779
143,kirensk,57.7853,108.1119,-17.32,96,100,1.52,RU,1675826780
144,chuy,-33.6971,-53.4616,20.81,82,18,3.02,UY,1675826781
145,puerto ayora,-0.7393,-90.3518,26.42,92,55,2.24,EC,1675826782
146,mar del plata,-38.0023,-57.5575,23.38,94,0,8.94,AR,1675826185
147,severo-kurilsk,50.6789,156.125,-3.94,55,15,4.28,RU,1675826639
148,labuhan,-6.8844,112.2051,25.55,86,100,3.14,ID,1675826783
149,mul,20.0667,79.6667,22.8,31,1,2.56,IN,1675826783
150,kodiak,57.79,-152.4072,-4.27,54,0,4.63,US,1675826784
151,borovoy,55.4333,86.0833,-15.4,92,75,2.0,RU,1675826785
152,mizdah,31.4451,12.9801,7.15,75,86,7.48,LY,1675826785
153,sorong,-0.8833,131.25,26.95,80,100,2.24,ID,1675826786
154,george,-33.963,22.4617,17.75,94,100,5.14,ZA,1675826787
155,bam,29.106,58.357,14.89,51,41,3.27,IR,1675826787
156,tarko-sale,64.9225,77.785,-26.35,100,98,3.34,RU,1675826722
157,sant feliu de guixols,41.7833,3.0333,9.35,45,90,5.97,ES,1675826788
158,chancay,-11.5714,-77.2672,23.01,85,58,2.19,PE,1675826789
159,honggang,46.4667,124.8667,-10.47,65,2,2.89,CN,1675826790
160,kantunilkin,21.0917,-87.45,20.96,97,3,1.61,MX,1675826791
161,sur,22.5667,59.5289,22.65,54,45,3.13,OM,1675826792
162,bathsheba,13.2167,-59.5167,24.34,88,40,5.14,BB,1675826792
163,saint-philippe,-21.3585,55.7679,26.77,83,89,5.97,RE,1675826793
164,jumla,29.2747,82.1838,6.53,26,0,1.51,NP,1675826794
165,saint-augustin,51.226,-58.6502,-19.57,87,15,2.25,CA,1675826794
166,sabzevar,36.2126,57.6819,6.6,93,40,4.12,IR,1675826585
167,kloulklubed,7.0419,134.2556,29.28,77,100,8.09,PW,1675826656
168,sawtell,-30.3833,153.1,26.01,61,40,3.09,AU,1675826795
169,dharmanagar,24.3667,92.1667,20.46,56,38,0.69,IN,1675826796
170,mamlyutka,54.9375,68.5394,-22.99,100,89,2.65,KZ,1675826796
171,roebourne,-20.7833,117.1333,34.48,39,60,4.4,AU,1675826797
172,hilo,19.7297,-155.09,25.16,89,100,4.63,US,1675826797
173,noumea,-22.2763,166.4572,31.99,99,98,4.61,NC,1675826455
174,saravan,39.7196,45.6483,-5.85,91,99,1.96,AM,1675826799
175,tasiilaq,65.6145,-37.6368,-17.91,39,0,12.0,GL,1675826800
176,madang,-5.2246,145.7966,30.28,67,95,2.17,PG,1675826800
177,bengkulu,-3.8004,102.2655,28.68,57,65,3.14,ID,1675826801
178,san jose,37.3394,-121.895,12.5,69,0,4.12,US,1675826802
179,constitucion,-35.3333,-72.4167,15.51,69,0,4.34,CL,1675826802
180,somme-leuze,50.337,5.3671,0.26,47,71,1.44,BE,1675826802
181,puerto del rosario,28.5004,-13.8627,12.86,76,0,3.6,ES,1675826803
182,pevek,69.7008,170.3133,-29.91,95,100,1.47,RU,1675826513
183,farafangana,-22.8167,47.8333,22.87,90,100,1.61,MG,1675826804
184,gatton,-27.55,152.2833,29.52,35,53,5.14,AU,1675826804
185,mbandaka,0.0487,18.2603,22.52,73,57,1.67,CD,1675826805
186,aklavik,68.2191,-135.0107,-29.05,96,100,3.42,CA,1675826624
187,port blair,11.6667,92.75,28.02,69,40,4.63,IN,1675826805
188,krasnoselkup,65.7,82.4667,-31.51,100,100,2.12,RU,1675826806
189,rio gallegos,-51.6226,-69.2181,14.03,77,0,8.23,AR,1675826528
190,kvarkeno,52.0833,59.725,-19.57,100,95,3.43,RU,1675826807
191,muros,42.7762,-9.0603,5.61,80,36,7.29,ES,1675826807
192,jalu,29.0331,21.5482,9.04,59,74,2.89,LY,1675826808
193,guararapes,-21.2608,-50.6428,21.1,93,94,1.31,BR,1675826808
194,naze,28.3667,129.4833,18.51,67,95,6.41,JP,1675826809
195,portland,45.5234,-122.6762,7.97,88,20,1.79,US,1675826587
196,half moon bay,37.4636,-122.4286,12.95,74,0,4.12,US,1675826755
197,lashio,22.9333,97.75,19.4,33,0,0.8,MM,1675826810
198,lasa,46.6166,10.7002,-4.51,80,32,0.36,IT,1675826810
199,arys,42.4252,68.795,3.17,53,100,1.56,KZ,1675826811
200,zemio,5.0314,25.1361,19.95,23,55,1.63,CF,1675826811
201,baherden,38.4362,57.4316,10.36,50,95,3.12,TM,1675826812
202,troy,42.6056,-83.1499,3.96,74,100,4.63,US,1675826564
203,kaitangata,-46.2817,169.8464,14.95,49,18,6.7,NZ,1675826812
204,olinda,-8.0089,-34.8553,24.85,73,20,1.54,BR,1675826813
205,mahebourg,-20.4081,57.7,26.16,83,40,5.14,MU,1675826813
206,tshela,-4.9833,12.9333,22.72,98,99,1.05,CD,1675826814
207,manggar,-2.8833,108.2667,28.83,70,100,2.3,ID,1675826814
208,mapiripan,2.8892,-72.1256,26.4,58,81,2.03,CO,1675826815
209,korla,41.7597,86.1469,-0.38,81,13,1.17,CN,1675826815
210,cilegon,-6.0174,106.0538,27.05,75,100,0.95,ID,1675826816
211,cabedelo,-6.9811,-34.8339,23.37,75,99,3.71,BR,1675826816
212,bowen,-20.0167,148.2333,28.62,74,100,8.22,AU,1675826578
213,senador guiomard,-10.1522,-67.7392,23.86,98,95,1.3,BR,1675826817
214,nouadhibou,20.931,-17.0347,16.2,70,0,9.72,MR,1675826817
215,campbell river,50.0163,-125.2446,5.74,100,40,1.54,CA,1675826818
216,rorvik,64.8621,11.2373,6.06,65,20,9.77,NO,1675826818
217,carnarvon,-24.8667,113.6333,29.83,50,1,6.77,AU,1675826665
218,rialma,-15.315,-49.5844,20.85,89,49,0.31,BR,1675826819
219,starosubkhangulovo,53.1031,57.4423,-20.54,100,96,0.78,RU,1675826819
220,port moresby,-9.4431,147.1797,26.68,89,100,5.14,PG,1675826741
221,sarakhs,36.5449,61.1577,12.34,56,98,4.16,IR,1675826820
222,tumut,-35.3,148.2167,29.4,37,15,4.76,AU,1675826821
223,melenki,55.3343,41.6295,-15.57,100,99,2.37,RU,1675826822
224,gumdag,39.2061,54.5906,7.14,78,100,5.59,TM,1675826822
225,bilibino,68.0546,166.4372,-36.38,98,100,1.11,RU,1675826823
226,port lincoln,-34.7333,135.8667,23.86,57,23,3.9,AU,1675826824
227,hay river,60.8156,-115.7999,-19.01,78,75,3.6,CA,1675826825
228,ulagan,50.6321,87.9563,-16.24,88,100,1.07,RU,1675826826
229,axim,4.8699,-2.2405,25.15,87,100,1.04,GH,1675826826
230,nyurba,63.2842,118.3319,-33.47,95,100,0.52,RU,1675826827
231,grindavik,63.8424,-22.4338,-3.74,93,75,13.38,IS,1675826827
232,te horo,-40.8084,175.1233,23.68,70,12,2.24,NZ,1675826828
233,sinnamary,5.3833,-52.95,24.02,91,61,4.19,GF,1675826828
234,kurumkan,54.3,110.3,-17.44,87,99,1.12,RU,1675826829
235,lompoc,34.6391,-120.4579,11.12,85,0,3.58,US,1675826829
236,lebu,-37.6167,-73.65,14.88,88,0,7.79,CL,1675826830
237,baft,29.234,56.6057,5.75,77,99,4.41,IR,1675826831
238,kendari,-3.945,122.4989,31.16,58,96,1.67,ID,1675826831
239,murray bridge,-35.1167,139.2667,33.52,27,2,3.48,AU,1675826832
240,namatanai,-3.6667,152.4333,29.85,64,92,4.77,PG,1675826595
241,carballo,43.213,-8.691,6.59,68,42,2.2,ES,1675826833
242,hami,42.8,93.45,1.17,66,100,1.41,CN,1675826833
243,abu samrah,35.3029,37.1841,2.32,79,68,1.99,SY,1675826834
244,longyearbyen,78.2186,15.6401,-4.09,68,40,8.75,SJ,1675826641
245,mitu,1.1983,-70.1733,22.04,97,78,0.32,CO,1675826835
246,ruteng,-8.6136,120.4721,21.83,78,77,1.57,ID,1675826836
247,arlit,18.7369,7.3853,21.03,16,100,1.61,NE,1675826836
248,nakhon phanom,17.3333,104.4167,25.82,55,5,3.33,TH,1675826837
249,lenoir,35.2335,-77.6497,11.18,70,0,4.63,US,1675826837
250,rocha,-34.4833,-54.3333,20.67,82,28,3.43,UY,1675826838
251,bull savanna,17.8868,-77.5902,21.66,82,0,3.85,JM,1675826838
252,paamiut,61.994,-49.6678,-18.06,78,84,5.48,GL,1675826839
253,pechora,65.1472,57.2244,-9.1,94,100,6.11,RU,1675826840
254,kozhva,65.1073,57.0459,-8.78,94,100,5.64,RU,1675826841
255,mangan,27.5167,88.5333,14.33,69,76,0.37,IN,1675826609
256,batagay-alyta,67.8006,130.4114,-36.43,100,98,0.71,RU,1675826842
257,uaua,-9.8414,-39.4817,22.4,66,99,5.21,BR,1675826842
258,luderitz,-26.6481,15.1594,18.43,82,19,8.5,NA,1675826843
259,linxia,35.6003,103.2064,-1.23,80,100,2.49,CN,1675826844
260,broken hill,-31.95,141.4333,30.76,15,0,5.27,AU,1675826845
261,mandalgovi,45.7625,106.2708,-10.14,77,96,3.1,MN,1675826845
262,yibin,28.7667,104.6238,11.72,86,100,0.39,CN,1675826846
263,sao filipe,14.8961,-24.4956,20.13,69,20,4.39,CV,1675826848
264,santiago de cao,-7.9589,-79.2392,23.07,83,75,3.09,PE,1675826848
265,cedar city,37.6775,-113.0619,-1.45,86,0,2.06,US,1675826700
266,fortuna,40.5982,-124.1573,10.55,85,100,0.0,US,1675826849
267,hithadhoo,-0.6,73.0833,27.33,72,15,3.36,MV,1675826850
268,talnakh,69.4865,88.3972,-23.07,98,98,3.3,RU,1675826850
269,sao joao da barra,-21.6403,-41.0511,23.2,94,100,1.69,BR,1675826852
270,poso,-1.3959,120.7524,28.25,70,100,1.7,ID,1675826853
271,mount isa,-20.7333,139.5,33.87,49,75,3.09,AU,1675826575
272,cabot,34.9745,-92.0165,12.93,81,75,3.6,US,1675826855
273,codrington,-38.2667,141.9667,19.2,58,80,6.74,AU,1675826856
274,qidong,31.8128,121.6561,9.4,66,98,6.03,CN,1675826856
275,castiglione del lago,43.1271,12.0453,1.12,85,29,2.06,IT,1675826857
276,iskateley,67.6803,53.1512,1.59,83,100,10.58,RU,1675826857
277,necochea,-38.5473,-58.7368,22.35,77,13,6.32,AR,1675826858
278,charlestown,-32.95,151.6667,29.45,62,29,2.68,AU,1675826858
279,alice springs,-23.7,133.8833,34.75,40,40,5.14,AU,1675826858
280,batagay,67.6333,134.6333,-43.34,95,54,0.61,RU,1675826859
281,yumen,40.2833,97.2,-0.61,46,27,6.69,CN,1675826859
282,san patricio,28.017,-97.5169,22.97,82,92,6.03,US,1675826860
283,ayagoz,47.9714,80.4392,-5.93,92,100,0.62,KZ,1675826860
284,georgetown,5.4112,100.3354,29.96,69,20,4.63,MY,1675826600
285,lisala,2.15,21.5167,24.11,31,100,0.45,CD,1675826861
286,fare,-16.7,-151.0167,27.08,70,9,4.5,PF,1675826861
287,sijunjung,-0.6876,100.9537,26.38,57,100,0.74,ID,1675826862
288,broome,42.2506,-75.833,4.14,77,100,5.14,US,1675826862
289,inirida,3.8653,-67.9239,23.47,93,84,1.04,CO,1675826863
290,san quintin,30.4833,-115.95,14.71,52,0,0.98,MX,1675826771
291,chumikan,54.7183,135.315,-25.77,74,57,6.04,RU,1675826863
292,asosa,10.0667,34.5333,17.25,39,5,2.71,ET,1675826864
293,zhongxing,33.7039,118.6792,9.69,53,99,5.95,CN,1675826864
294,souillac,-20.5167,57.5167,26.21,83,40,5.14,MU,1675826865
295,sibolga,1.7427,98.7792,28.37,56,100,0.96,ID,1675826865
296,srednekolymsk,67.45,153.6833,-32.53,95,100,2.46,RU,1675826866
297,nicoya,10.1483,-85.452,24.44,73,66,5.13,CR,1675826866
298,puerto quijarro,-17.7833,-57.7667,23.4,86,92,0.14,BO,1675826866
299,xai-xai,-25.0519,33.6442,22.96,95,79,2.26,MZ,1675826867
300,san cristobal,7.7669,-72.225,21.1,78,12,0.78,VE,1675826764
301,mezhdurechensk,53.6942,88.0603,-5.93,96,100,1.1,RU,1675826868
302,plakhtiyivka,46.1006,29.7217,-3.85,77,100,7.0,UA,1675826868
303,port hardy,50.6996,-127.4199,4.1,93,75,2.57,CA,1675826869
304,beloha,-25.1667,45.05,23.17,76,100,3.26,MG,1675826869
305,paramonga,-10.6667,-77.8333,22.75,83,40,2.37,PE,1675826869
306,lagoa,39.05,-27.9833,13.16,58,98,6.26,PT,1675826870
307,gore,-46.1028,168.9436,14.41,52,63,5.79,NZ,1675826870
308,aksu,41.1231,80.2644,-3.74,64,8,2.03,CN,1675826691
309,surab,28.4914,66.2585,9.13,40,3,1.79,PK,1675826871
310,canyon,34.9803,-101.9188,6.48,40,98,2.81,US,1675826872
311,bilma,18.6853,12.9164,18.99,22,100,3.19,NE,1675826700
312,tuy hoa,13.0833,109.3,26.3,77,37,2.34,VN,1675826873
313,la paz,-16.5,-68.15,8.99,100,75,2.57,BO,1675826308
314,pundaguitan,6.3711,126.1689,26.36,73,96,2.8,PH,1675826873
315,san ramon,37.7799,-121.978,12.12,76,0,2.06,US,1675826874
316,belyy,55.8402,32.9419,-12.17,98,78,2.35,RU,1675826874
317,klaksvik,62.2266,-6.589,7.72,83,100,25.19,FO,1675826875
318,adrar,20.5022,-10.0711,14.58,24,100,5.04,MR,1675826875
319,victoria,22.2855,114.1577,20.54,84,97,5.81,HK,1675826876
320,hlohovec,48.4317,17.8031,-5.81,82,6,2.33,SK,1675826876
321,akyab,20.15,92.9,21.82,46,1,2.35,MM,1675826877
322,burgersdorp,-30.9977,26.3286,15.98,79,100,1.88,ZA,1675826877
323,peniche,39.3558,-9.3811,7.47,81,3,3.98,PT,1675826766
324,goundam,16.4145,-3.6708,21.97,14,77,4.91,ML,1675826878
325,zhuanghe,39.7008,122.9911,1.69,29,0,2.87,CN,1675826878
326,manoel urbano,-8.8389,-69.2597,22.39,95,51,0.63,BR,1675826879
327,venado tuerto,-33.7456,-61.9688,25.43,32,0,1.77,AR,1675826879
328,melfi,40.9965,15.6514,-2.37,78,91,0.46,IT,1675826880
329,carutapera,-1.195,-46.02,24.39,93,100,1.62,BR,1675826880
330,tarnogskiy gorodok,60.4997,43.5761,-6.0,93,100,4.54,RU,1675826881
331,amboasary,-25.0333,46.3833,22.52,80,100,1.79,MG,1675826882
332,tautira,-17.7333,-149.15,26.78,60,5,1.94,PF,1675826882
333,ensley,30.5188,-87.2728,19.23,88,100,6.17,US,1675826883
334,savannah bight,16.45,-85.85,26.14,79,4,11.22,HN,1675826883
335,chiredzi,-21.05,31.6667,20.48,81,62,0.98,ZW,1675826884
336,yeppoon,-23.1333,150.7333,28.88,65,96,9.49,AU,1675826884
337,jiuquan,39.7432,98.5174,-0.18,49,64,1.02,CN,1675826885
338,oyama,36.3,139.8,8.3,58,99,1.34,JP,1675826885
339,snasa,64.2457,12.3778,-1.33,93,81,2.06,NO,1675826886
340,balikpapan,-1.2675,116.8289,30.55,62,75,3.09,ID,1675826358
341,hirara,24.8,125.2833,22.15,73,75,6.69,JP,1675826887
342,ocampo,21.65,-101.5,14.58,24,100,3.39,MX,1675826887
343,fairbanks,64.8378,-147.7164,-14.0,78,100,0.0,US,1675826719
344,russell,32.3502,-85.1999,16.57,81,0,0.0,US,1675826888
345,wicklow,53.0,-6.4167,3.93,96,94,2.15,IE,1675826888
346,khash,28.2211,61.2158,11.22,54,23,3.96,IR,1675826889
347,marzuq,14.4,46.4667,16.35,53,6,2.3,YE,1675826889
348,tateyama,34.9833,139.8667,11.72,68,96,7.3,JP,1675826889
349,hamilton,39.1834,-84.5333,11.05,91,100,3.09,US,1675826448
350,oranjemund,-28.55,16.4333,17.4,90,99,6.87,NA,1675826890
351,misratah,32.3754,15.0925,13.01,64,99,6.68,LY,1675826891
352,tokur,53.1333,132.9,-27.21,88,99,0.42,RU,1675826891
353,amapa,1.0,-52.0,22.23,99,100,0.98,BR,1675826892
354,purpe,64.4803,76.6897,-25.55,100,84,3.93,RU,1675826892
355,la sarre,48.8002,-79.1996,-7.36,87,99,5.64,CA,1675826893
356,barmer,25.75,71.3833,18.96,20,1,1.71,IN,1675826344
357,ust-barguzin,53.45,108.9833,-14.05,90,100,1.93,RU,1675826893
358,cherskiy,68.75,161.3,-33.2,95,100,2.52,RU,1675826894
359,pitea,65.3172,21.4794,-1.95,78,100,4.14,SE,1675826894
360,dudinka,69.4058,86.1778,-26.34,100,95,2.07,RU,1675826895
361,khawhai,23.3667,93.1167,15.73,34,0,0.49,IN,1675826896
362,vysokaya gora,55.9128,49.3017,-16.9,100,100,1.9,RU,1675826896
363,nome,64.5011,-165.4064,-22.96,77,0,0.0,US,1675826897
364,beira,-19.8436,34.8389,25.05,100,20,2.06,MZ,1675826897
365,lusambo,-4.9667,23.45,20.83,96,100,1.1,CD,1675826898
366,quzhou,28.9594,118.8686,9.65,94,100,3.88,CN,1675826898
367,sungairaya,0.7,108.9,29.3,67,98,1.95,ID,1675826899
368,kosino,58.4127,51.2782,-12.23,93,99,4.03,RU,1675826899
369,norman wells,65.282,-126.8329,-21.98,77,75,2.06,CA,1675826900
370,tupaciguara,-18.5922,-48.705,19.94,91,100,2.3,BR,1675826900
371,terrace,54.5163,-128.6035,0.95,93,100,0.0,CA,1675826901
372,pacific grove,36.6177,-121.9166,11.48,87,0,1.54,US,1675826902
373,altay,47.8667,88.1167,-7.34,75,100,1.41,CN,1675826903
374,sitka,57.0531,-135.33,1.94,80,75,2.57,US,1675826762
375,luangwa,-15.6167,30.4167,20.67,97,2,0.18,ZM,1675826903
376,srandakan,-7.9386,110.2506,25.87,83,100,1.68,ID,1675826904
377,pisco,-13.7,-76.2167,23.03,88,0,5.14,PE,1675826772
378,nova vicosa,-17.8919,-39.3719,24.88,84,10,4.02,BR,1675826904
379,changuinola,9.4333,-82.5167,22.8,89,91,1.82,PA,1675826905
380,chara,56.9064,118.2631,-20.13,73,87,1.15,RU,1675826905
381,arraial do cabo,-22.9661,-42.0278,23.75,92,100,1.04,BR,1675826906
382,takab,36.4009,47.1133,-6.64,95,99,1.59,IR,1675826907
383,nemuro,43.3236,145.575,-3.23,57,28,1.74,JP,1675826907
384,masallatah,32.6167,14.0,9.96,72,90,8.49,LY,1675826907
385,makakilo city,21.3469,-158.0858,26.18,69,75,5.66,US,1675826703
386,kifri,34.6959,44.9661,7.58,87,100,2.54,IQ,1675826908
387,tommot,58.9564,126.2925,-26.35,90,100,1.7,RU,1675826909
388,goiatuba,-18.0125,-49.3547,19.91,91,100,1.14,BR,1675826909
389,leh,34.1667,77.5833,-18.06,65,10,1.07,IN,1675826769
390,rio grande,-32.035,-52.0986,23.32,72,0,6.89,BR,1675826677
391,ishigaki,24.3448,124.1572,23.07,73,75,6.17,JP,1675826910
392,naliya,23.2667,68.8333,20.18,56,24,2.45,IN,1675826911
393,kaminskiy,57.1516,41.4732,-12.63,93,90,3.62,RU,1675826911
394,mitsamiouli,-11.3847,43.2844,27.23,78,100,4.78,KM,1675826912
395,chicama,-7.8447,-79.1469,22.3,75,53,2.1,PE,1675826912
396,chapais,49.7834,-74.8492,-5.12,95,100,4.39,CA,1675826913
397,kulhudhuffushi,6.6221,73.07,26.76,71,70,3.92,MV,1675826913
398,lavrentiya,65.5833,-171.0,-25.97,92,97,1.31,RU,1675826914
399,bar harbor,44.3876,-68.2039,1.12,79,100,1.79,US,1675826914
400,gazojak,41.1875,61.4036,5.63,62,100,4.04,TM,1675826915
401,brae,60.3964,-1.353,6.8,73,100,13.76,GB,1675826915
402,gorontalo,0.5412,123.0595,23.52,94,100,2.19,ID,1675826916
403,hornepayne,49.2138,-84.7705,-16.73,99,84,1.52,CA,1675826916
404,gidole,5.65,37.3667,13.86,34,1,1.86,ET,1675826917
405,kununurra,-15.7667,128.7333,35.99,38,5,4.12,AU,1675826917
406,angoche,-16.2325,39.9086,24.37,89,100,3.55,MZ,1675826918
407,gambela,8.25,34.5833,24.01,28,17,1.38,ET,1675826918
408,kirakira,-10.4544,161.9205,27.96,83,100,4.21,SB,1675826919
409,tilichiki,60.4667,166.1,-28.13,90,65,4.37,RU,1675826919
410,northam,51.0333,-4.2167,3.12,91,0,2.87,GB,1675826920
411,camacha,33.0833,-16.3333,12.68,77,40,6.69,PT,1675826920
412,havoysund,70.9963,24.6622,2.13,62,25,11.85,NO,1675826921
413,doha,25.2867,51.5333,18.99,82,20,7.72,QA,1675826921
414,provideniya,64.3833,-173.3,-19.94,71,100,3.0,RU,1675826676
415,naryan-mar,67.6713,53.087,1.64,83,100,10.61,RU,1675826922
416,barranca,-10.75,-77.7667,22.69,80,35,2.05,PE,1675826922
417,novo oriente,-5.5344,-40.7742,22.53,70,100,1.09,BR,1675826923
418,vilhena,-12.7406,-60.1458,20.04,97,48,0.98,BR,1675826923
419,rosario,-32.9468,-60.6393,27.68,42,0,2.57,AR,1675826924
420,kudat,6.8837,116.8477,26.96,83,20,1.54,MY,1675826924
421,acapulco,16.8634,-99.8901,25.9,73,20,1.03,MX,1675826246
422,almoradi,38.1088,-0.792,11.17,72,100,0.45,ES,1675826925
423,geraldton,-28.7667,114.6,33.23,29,0,4.12,AU,1675826824
424,fort nelson,58.8053,-122.7002,-10.23,92,0,0.0,CA,1675826925
425,sangueya,10.7,-14.3667,20.57,80,3,0.36,GN,1675826926
426,belaya gora,68.5333,146.4167,-40.39,98,74,1.09,RU,1675826926
427,kenai,60.5544,-151.2583,-1.59,88,100,10.29,US,1675826745
428,matamoros,25.5333,-103.25,21.06,26,0,1.54,MX,1675826927
429,kamariotissa,40.4833,25.4667,3.07,58,49,10.05,GR,1675826928
430,vestmannaeyjar,63.4427,-20.2734,0.55,53,100,17.13,IS,1675826928
431,almaznyy,48.0448,40.045,-10.32,88,14,7.67,RU,1675826929
432,san andres,12.5847,-81.7006,27.01,78,75,6.69,CO,1675826929
433,atar,20.5169,-13.0499,14.76,29,9,4.97,MR,1675826930
434,poya,-21.35,165.15,28.14,77,100,0.53,NC,1675826930
435,otjiwarongo,-20.4637,16.6477,17.38,88,87,2.64,NA,1675826931
436,alofi,-19.0595,-169.9187,27.94,83,100,3.6,NU,1675826931
437,inhambane,-23.865,35.3833,25.29,88,7,2.62,MZ,1675826932
438,delaware,39.0004,-75.4999,6.69,78,20,0.0,US,1675826932
439,north bend,43.4065,-124.2243,9.4,100,100,1.54,US,1675826933
440,sakakah,29.9697,40.2064,7.76,67,5,7.24,SA,1675826933
441,carberry,49.8689,-99.3602,-3.87,89,100,4.38,CA,1675826934
442,marrakesh,31.6315,-8.0083,8.04,76,40,1.54,MA,1675826935
443,gerash,27.6652,54.1371,11.08,62,33,1.11,IR,1675826936
444,kalianget,-7.05,113.9333,26.35,85,99,5.8,ID,1675826937
445,mascote,-15.5631,-39.3025,21.64,90,17,1.13,BR,1675826937
446,severomuysk,56.1481,113.4267,-21.93,93,73,1.32,RU,1675826938
447,poum,-20.2333,164.0167,26.76,85,100,7.1,NC,1675826939
448,mehamn,71.0357,27.8492,1.97,64,35,8.23,NO,1675826939
449,turbat,26.0023,63.044,18.54,43,41,0.61,PK,1675826939
450,erenhot,43.6475,111.9767,-7.21,52,100,1.35,CN,1675826940
451,moorhead,46.8739,-96.7676,-1.7,90,0,5.14,US,1675826940
452,dinghai,26.2847,119.7936,10.51,89,100,7.45,CN,1675826941
453,invermere,50.5167,-116.0354,3.53,71,100,3.07,CA,1675826942
454,praia da vitoria,38.7333,-27.0667,13.14,76,75,4.98,PT,1675826944
455,laguna,38.421,-121.4238,11.62,76,0,0.0,US,1675826601
456,griffith,41.5284,-87.4237,2.16,86,0,0.0,US,1675826948
457,florence,43.7667,11.25,2.91,60,0,2.57,IT,1675826949
458,sabang,5.8933,95.3214,27.61,74,100,7.17,ID,1675826950
459,diplo,24.4667,69.584,19.73,44,17,2.36,PK,1675826953
460,salinopolis,-0.6136,-47.3561,25.75,86,100,4.13,BR,1675826954
461,chiang klang,19.2938,100.8617,29.06,26,5,1.08,TH,1675826955
462,raudeberg,61.9875,5.1352,7.2,74,90,16.0,NO,1675826956
463,vila,42.0304,-8.1588,3.49,80,71,3.84,PT,1675826956
464,namibe,-15.1961,12.1522,20.94,76,96,2.41,AO,1675826957
465,fengzhen,40.4394,113.1536,-4.03,50,31,1.18,CN,1675826958
466,palmer,42.1584,-72.3287,1.03,81,100,3.6,US,1675826706
467,talen,23.5667,76.7167,17.12,33,0,2.27,IN,1675826959
468,roma,43.2128,-75.4557,6.57,78,100,1.79,US,1675826959
469,ahipara,-35.1667,173.1667,22.13,56,28,4.2,NZ,1675826960
470,hervey bay,-25.2986,152.8535,26.96,61,74,8.6,AU,1675826960
471,itarema,-2.9248,-39.9167,25.29,82,100,3.71,BR,1675826724
472,vila do maio,15.1333,-23.2167,19.44,66,42,7.63,CV,1675826961
473,margate,51.3813,1.3862,4.13,68,63,1.28,GB,1675826895
474,minudasht,37.2289,55.3747,8.76,93,100,3.09,IR,1675826963
475,sabha,27.0377,14.4283,11.07,40,97,5.58,LY,1675826963
476,bubaque,11.2833,-15.8333,24.01,65,5,6.12,GW,1675826678
477,kota kinabalu,5.9749,116.0724,28.99,74,20,2.24,MY,1675826965
478,kashi,39.4547,75.9797,0.56,40,0,5.0,CN,1675826966
479,beaverton,45.4871,-122.8037,7.67,85,0,4.12,US,1675826677
480,drumheller,51.4617,-112.7101,0.91,74,100,2.57,CA,1675826966
481,platonovka,52.7106,41.952,-15.02,97,26,2.5,RU,1675826967
482,reyes,-14.3167,-67.3833,22.56,99,100,0.59,BO,1675826967
483,bridlington,54.0831,-0.1919,5.64,88,15,4.48,GB,1675826968
484,vestmanna,62.1564,-7.1664,6.65,84,100,23.9,FO,1675826969
485,astaneh-ye ashrafiyeh,37.2596,49.9444,7.96,87,100,2.99,IR,1675826970
486,guerrero negro,27.9769,-114.0611,16.88,35,0,3.37,MX,1675826970
487,jinchang,38.4953,102.1739,-3.35,82,100,1.34,CN,1675826971
488,zaraza,9.3503,-65.3245,24.72,74,95,4.01,VE,1675826972
489,nanortalik,60.1432,-45.2371,-15.26,73,9,8.47,GL,1675826973
490,pochutla,15.7432,-96.4661,24.34,68,0,1.98,MX,1675826974
491,muborak,39.2553,65.1528,8.11,56,100,3.74,UZ,1675826974
492,vikhorevka,56.1201,101.1636,-15.23,94,100,1.17,RU,1675826975
493,zabid,14.1951,43.3152,23.27,80,69,1.77,YE,1675826976
494,wanaka,-44.7,169.15,19.5,34,94,5.36,NZ,1675826977
495,razdolinsk,58.4211,94.6658,-12.35,96,100,1.15,RU,1675826978
496,nenjiang,49.1833,125.2167,-17.72,86,100,1.58,CN,1675826978
497,xinzhi,36.4989,111.7047,6.76,40,100,0.63,CN,1675826979
498,ballina,-28.8667,153.5667,28.21,59,99,4.08,AU,1675826979
499,tirat karmel,32.7617,34.9719,7.6,59,100,12.43,IL,1675826980
500,nuuk,64.1835,-51.7216,-13.4,78,100,2.24,GL,1675826980
501,williams lake,52.1415,-122.1445,0.76,96,100,1.03,CA,1675826715
502,nuseni,47.1,24.2,-11.77,96,40,0.6,RO,1675826981
503,asau,46.4333,26.4,-5.49,96,98,2.16,RO,1675826982
504,katobu,-4.9408,122.5276,30.74,57,71,3.08,ID,1675826748
505,vytegra,61.0064,36.4481,-3.62,91,100,4.08,RU,1675826983
506,lokoja,7.8024,6.743,24.56,34,35,1.23,NG,1675826983
507,college,64.8569,-147.8028,-14.01,78,75,0.0,US,1675826984
508,tyret pervaya,53.6703,102.3106,-16.89,97,100,1.77,RU,1675826984
509,phan thiet,10.9333,108.1,29.88,55,16,4.03,VN,1675826984
510,hofn,64.2539,-15.2082,0.47,60,100,8.18,IS,1675826985
511,ambilobe,-13.2,49.05,22.96,94,100,0.88,MG,1675826986
512,palana,59.1167,159.9667,-23.82,94,97,5.16,RU,1675826986
513,aranos,-24.1333,19.1167,20.8,71,83,1.0,NA,1675826987
514,olga,43.7444,135.2892,-3.72,45,78,4.24,RU,1675826988
515,mudgee,-32.5943,149.5871,27.66,38,38,3.78,AU,1675826814
516,olustvere,58.5552,25.563,-0.78,91,100,4.65,EE,1675826988
517,villarrica,-25.75,-56.4333,24.32,44,0,1.89,PY,1675826989
518,ancud,-41.8697,-73.8203,13.49,93,2,1.9,CL,1675826989
519,artigas,-30.4,-56.4667,25.19,33,0,3.74,UY,1675826990
520,komsomolskiy,40.4272,71.7189,0.4,80,99,3.09,UZ,1675826990
521,ust-ilimsk,58.0006,102.6619,-12.51,93,100,2.09,RU,1675826991
522,beringovskiy,63.05,179.3167,-28.02,94,71,3.48,RU,1675826765
523,pipri,19.8,75.5333,21.69,34,3,1.77,IN,1675826992
524,craig,40.5153,-107.5464,-8.21,85,0,0.0,US,1675826993
525,nushki,29.5542,66.0215,14.7,33,100,3.38,PK,1675826993
526,sri aman,1.2376,111.4621,30.03,79,20,0.51,MY,1675826994
527,taksimo,56.3444,114.8794,-17.21,79,57,0.68,RU,1675826994
528,oussouye,12.485,-16.5469,20.1,44,60,3.86,SN,1675826722
529,biltine,14.5333,20.9167,19.26,24,94,7.66,TD,1675826995
530,samana,19.2056,-69.3369,22.65,87,17,4.61,DO,1675826995
531,galesong,-5.3166,119.3661,25.01,71,88,4.28,ID,1675826996
532,bereda,43.2686,-7.5406,-1.03,94,37,1.14,ES,1675826996
533,murgab,37.4966,61.9714,10.93,40,0,4.12,TM,1675826997
534,arman,59.7,150.1667,-23.88,75,33,3.43,RU,1675826997
535,ulladulla,-35.35,150.4667,20.06,81,100,1.34,AU,1675826997
536,matara,5.9485,80.5353,24.83,87,91,3.08,LK,1675826998
537,clyde river,70.4692,-68.5914,-34.87,68,0,2.57,CA,1675826998
538,omsukchan,62.5333,155.8,-33.33,94,93,2.12,RU,1675826999
539,ewa beach,21.3156,-158.0072,26.97,71,75,5.66,US,1675827000
540,kidal,18.4411,1.4078,23.31,15,83,3.19,ML,1675827000
541,bolobo,-2.1667,16.2333,22.29,84,47,1.71,CD,1675827001
542,port shepstone,-30.7414,30.455,23.26,84,100,7.54,ZA,1675827002
543,azangaro,-14.9167,-70.2167,4.75,93,100,0.6,PE,1675827003
544,airai,-8.9266,125.4092,21.25,79,80,1.49,TL,1675826811
545,goderich,43.7501,-81.7165,2.18,87,100,4.12,CA,1675826909
546,zamora,-4.0692,-78.9567,19.58,99,76,0.46,EC,1675827005
547,rawah,34.4816,41.9093,6.35,69,91,3.04,IQ,1675827006
548,rabaul,-4.1967,152.1721,29.18,69,96,4.29,PG,1675827007
549,coro,11.4045,-69.6734,23.67,88,32,6.5,VE,1675827008
550,rach gia,10.0167,105.0833,29.75,62,56,4.72,VN,1675827009
551,kupang,-10.1667,123.5833,31.32,74,40,5.14,ID,1675827009
552,tarrafal,15.2833,-23.7667,19.44,68,9,8.31,CV,1675827010
553,dawei,14.0833,98.2,31.62,38,4,2.45,MM,1675827011
554,clarksburg,39.2807,-80.3445,15.25,65,100,4.12,US,1675826893
555,maraba,-5.3686,-49.1178,24.1,100,20,0.0,BR,1675827012
556,colares,38.7992,-9.4469,9.63,71,18,5.36,PT,1675827013
557,hualmay,-11.0964,-77.6139,22.39,86,26,2.44,PE,1675827014
558,bud,39.447,-86.1758,8.19,80,80,2.71,US,1675827015
559,aswan,24.0934,32.907,9.1,46,26,4.13,EG,1675827016
560,baloda bazar,21.6667,82.1667,24.68,25,0,2.8,IN,1675827016
561,hargeysa,9.56,44.065,14.45,96,8,3.57,SO,1675827017
562,roros,62.5747,11.3842,-13.09,85,40,0.51,NO,1675827018
563,uige,-7.6087,15.0613,18.93,92,100,0.99,AO,1675827020
564,los llanos de aridane,28.6585,-17.9182,11.86,62,20,3.09,ES,1675826602
565,claresholm,50.0333,-113.5852,3.95,48,99,5.14,CA,1675827021
566,tiarei,-17.5333,-149.3333,30.01,64,2,2.76,PF,1675827023
567,verkhnyaya sinyachikha,57.976,61.6673,-16.28,94,35,2.97,RU,1675827023
568,lincoln,40.8,-96.667,4.45,65,0,1.54,US,1675826815
569,buchanan,5.8808,-10.0467,25.09,92,100,2.14,LR,1675827025
570,nantucket,41.2835,-70.0995,2.06,79,40,6.17,US,1675827026
571,piranshahr,36.701,45.1413,-6.64,91,63,2.64,IR,1675827027
572,talakan,50.3167,130.3667,-18.96,74,13,3.13,RU,1675827027
573,chaiya,9.3862,99.1986,28.99,72,39,4.02,TH,1675826773
574,collie,-33.3667,116.15,31.24,26,0,2.17,AU,1675827029
575,qasigiannguit,68.8193,-51.1922,-26.86,99,99,1.71,GL,1675827029
576,cayenne,4.9333,-52.3333,25.02,88,20,1.54,GF,1675827031
